{"meta":{"version":1,"warehouse":"5.0.1"},"models":{"Asset":[{"_id":"themes/butterfly/source/css/var.styl","path":"css/var.styl","modified":1,"renderable":1},{"_id":"themes/butterfly/source/css/index.styl","path":"css/index.styl","modified":1,"renderable":1},{"_id":"themes/butterfly/source/img/404.jpg","path":"img/404.jpg","modified":1,"renderable":1},{"_id":"themes/butterfly/source/img/butterfly-icon.png","path":"img/butterfly-icon.png","modified":1,"renderable":1},{"_id":"themes/butterfly/source/img/error-page.png","path":"img/error-page.png","modified":1,"renderable":1},{"_id":"themes/butterfly/source/img/favicon.ico","path":"img/favicon.ico","modified":1,"renderable":1},{"_id":"themes/butterfly/source/img/friend_404.gif","path":"img/friend_404.gif","modified":1,"renderable":1},{"_id":"themes/butterfly/source/js/main.js","path":"js/main.js","modified":1,"renderable":1},{"_id":"themes/butterfly/source/js/tw_cn.js","path":"js/tw_cn.js","modified":1,"renderable":1},{"_id":"themes/butterfly/source/js/utils.js","path":"js/utils.js","modified":1,"renderable":1},{"_id":"themes/butterfly/source/js/search/algolia.js","path":"js/search/algolia.js","modified":1,"renderable":1},{"_id":"themes/butterfly/source/js/search/local-search.js","path":"js/search/local-search.js","modified":1,"renderable":1},{"_id":"source/font/AiDianGanFengXingKai.ttf","path":"font/AiDianGanFengXingKai.ttf","modified":1,"renderable":0}],"Cache":[{"_id":"source/js/Vue.js","hash":"da39a3ee5e6b4b0d3255bfef95601890afd80709","modified":1734792458601},{"_id":"source/Gallery/index.md","hash":"b68a87fd577a11a984a07a8f32a0890f114ade62","modified":1734832692702},{"_id":"source/about/index.md","hash":"86ee2ce4cb0495c20661b278819d0dd8efe7b48e","modified":1734834000570},{"_id":"source/_data/link.yml","hash":"cd72044e57b2babadfa443db36b4b1ac04b25690","modified":1734827582731},{"_id":"source/css/custom.css","hash":"b2f2e4683f6e4487642f12afa904f1acd702c0a1","modified":1734831281354},{"_id":"source/categories/index.md","hash":"28ea389ff99ddc5469f03bc9bc6fa5debbf1e988","modified":1734832929488},{"_id":"source/js/runtime.js","hash":"e740d799aa4434b0c3d27b17dea44d676dc26c2e","modified":1734830025186},{"_id":"source/link/index.md","hash":"3d4e66b96eeb3f3f255f5f6952b46bfcae56c3c4","modified":1734780413519},{"_id":"source/music/index.md","hash":"e83c609e1e5a3c0bbfed7fc570ba210792ce66c2","modified":1734832662861},{"_id":"source/tags/index.md","hash":"1cfb971990985432a800e67916038c8e0a0c1c01","modified":1734832849417},{"_id":"source/movies/index.md","hash":"4f153ef2163971aa7f53e450d6dfe1cff31eb067","modified":1734832714938},{"_id":"themes/butterfly/LICENSE","hash":"1128f8f91104ba9ef98d37eea6523a888dcfa5de","modified":1734780181344},{"_id":"themes/butterfly/README.md","hash":"310bf423097f1cefb6121ce3f115b2ef68aacc44","modified":1734780181481},{"_id":"themes/butterfly/README_CN.md","hash":"6e79be6f188bd671eb6ef1084ea7dd757fa2b3e9","modified":1734780181479},{"_id":"themes/butterfly/_config.yml","hash":"30b0e274e266a2c4566bd5122681b41f7a7affea","modified":1734780182212},{"_id":"themes/butterfly/package.json","hash":"b3cf4b89826d6b6b1810c5498049d004c8de3ce9","modified":1734780181476},{"_id":"themes/butterfly/plugins.yml","hash":"a244af3b578de079666bd87c3055917220e63c25","modified":1734780182253},{"_id":"themes/butterfly/.github/FUNDING.yml","hash":"da5e77f5e0cdb7e11b36546fb6796d10e3dfbe5d","modified":1734780182236},{"_id":"themes/butterfly/languages/default.yml","hash":"f46a8e362641f7a7c432d68e3984e739d5fe6b44","modified":1734780182227},{"_id":"themes/butterfly/languages/en.yml","hash":"f46a8e362641f7a7c432d68e3984e739d5fe6b44","modified":1734780182228},{"_id":"themes/butterfly/languages/ja.yml","hash":"c978fbf9421af4d96978161cef828ea88ae06037","modified":1734780182248},{"_id":"themes/butterfly/languages/ko.yml","hash":"ca8d31350e60b5849bb609a4d33f90d3dd8905a2","modified":1734780182251},{"_id":"themes/butterfly/layout/archive.pug","hash":"bb32c9c476372de747dfa563b83f77d7a917a77d","modified":1734780181541},{"_id":"themes/butterfly/languages/zh-CN.yml","hash":"e91ac1a94e1fc84cd75bc6b0a8b7a62acfb2a516","modified":1734780182260},{"_id":"themes/butterfly/languages/zh-TW.yml","hash":"9fecee5467e9c5034515fea73f1901c3c67e8ef9","modified":1734780182267},{"_id":"themes/butterfly/layout/category.pug","hash":"bf07d9624ac7285214c7f1d505da3a813c164c8c","modified":1734780181584},{"_id":"themes/butterfly/languages/zh-HK.yml","hash":"c3e863ad5b5aa618873ad4370cf0335a9cc67b39","modified":1734780182262},{"_id":"themes/butterfly/layout/index.pug","hash":"6aba5fd01aba75fd38ef2e2c1d406d951b8c5560","modified":1734780181671},{"_id":"themes/butterfly/layout/page.pug","hash":"a59b90dd3f845ef6bac18091c55e8e019f4fe7a3","modified":1734780181712},{"_id":"themes/butterfly/layout/post.pug","hash":"d000b6a16418c1d95d4ce49ff9346416bbb151d3","modified":1734780181728},{"_id":"themes/butterfly/.github/ISSUE_TEMPLATE/bug_report.yml","hash":"df07add8fca55a7a12173af53201d306000fd9e0","modified":1734780182222},{"_id":"themes/butterfly/.github/workflows/publish.yml","hash":"05857c2f265246d8de00e31037f2720709540c09","modified":1734780182256},{"_id":"themes/butterfly/layout/tag.pug","hash":"98c0084a4c62415775ca9e261e3d4eeb7668f35b","modified":1734780181778},{"_id":"themes/butterfly/.github/ISSUE_TEMPLATE/feature_request.yml","hash":"996640605ed1e8e35182f0fd9a60a88783b24b03","modified":1734780182232},{"_id":"themes/butterfly/layout/includes/additional-js.pug","hash":"cd2e0141d7bbd2bd348703ead52c8060904ab338","modified":1734780181518},{"_id":"themes/butterfly/.github/ISSUE_TEMPLATE/config.yml","hash":"7b4831ae8f8f8c55dd1b856781210c517c63e6dd","modified":1734780182225},{"_id":"themes/butterfly/.github/workflows/stale.yml","hash":"ac62b989b5550c756e1986fcc68f243170705383","modified":1734780182258},{"_id":"themes/butterfly/layout/includes/head.pug","hash":"82548510310fb44587371fcc9afd7f0bbdb673b1","modified":1734780181643},{"_id":"themes/butterfly/layout/includes/layout.pug","hash":"345cb07213cdf66cfef7d9699c60f5f3297e9585","modified":1734780181678},{"_id":"themes/butterfly/layout/includes/footer.pug","hash":"78cd51877c72a66de13ad88af6687627d4743b03","modified":1734780181627},{"_id":"themes/butterfly/layout/includes/pagination.pug","hash":"eb31f49a826c1f95890078745e55c9a2ccb319f9","modified":1734780181713},{"_id":"themes/butterfly/layout/includes/rightside.pug","hash":"7d3581a446285b0cd9362266d54b59fe8768af9e","modified":1734780181744},{"_id":"themes/butterfly/layout/includes/sidebar.pug","hash":"d4f3a798cdded0c0744efab3b1397b00cdb0c6e5","modified":1734780181752},{"_id":"themes/butterfly/scripts/events/404.js","hash":"a196e0d2eb40d1643bcf53a467ad37104f877ca5","modified":1734780181370},{"_id":"themes/butterfly/scripts/common/postDesc.js","hash":"b69c137c06791db58e347474b88803e112d100dd","modified":1734780181444},{"_id":"themes/butterfly/scripts/events/comment.js","hash":"0e59424100fc3138b9096b38a0a2384a6411f8d9","modified":1734780181393},{"_id":"themes/butterfly/scripts/events/cdn.js","hash":"21fb5aabe043486d095c4c8cce361ed85ba88a26","modified":1734780181388},{"_id":"themes/butterfly/scripts/events/merge_config.js","hash":"072f042e069e7a0523fa439569c0c672f389b5c4","modified":1734780181428},{"_id":"themes/butterfly/scripts/events/init.js","hash":"428b94c7b9e83f7ea36227dee66bfe3c23aee4a8","modified":1734780181408},{"_id":"themes/butterfly/scripts/events/stylus.js","hash":"1ac9527c510ca757724f15dec84b0ead032411b2","modified":1734780181458},{"_id":"themes/butterfly/scripts/events/welcome.js","hash":"8ad9911b755cba13dde2cc055c3f857a6b0dd20e","modified":1734780181475},{"_id":"themes/butterfly/scripts/filters/post_lazyload.js","hash":"860f967ecf3c6a6ea785b560a7aae4d0757cd18a","modified":1734780181441},{"_id":"themes/butterfly/scripts/filters/random_cover.js","hash":"a8eef3f37428436554f58a2b6bac7c255fbdf38d","modified":1734780181445},{"_id":"themes/butterfly/scripts/tag/button.js","hash":"132d1e7757d0dac42d6b0957a25484613d7ed873","modified":1734780181385},{"_id":"themes/butterfly/scripts/tag/chartjs.js","hash":"a26402edc63cbe8faa6a99647f039ffd9616e1f6","modified":1734780181390},{"_id":"themes/butterfly/scripts/tag/flink.js","hash":"555f7e4a2a7d8c4420ca467e87625bf96db11a70","modified":1734780181395},{"_id":"themes/butterfly/scripts/tag/gallery.js","hash":"e0abf9f0ec51a78258bbf0101632e7dd2c54db25","modified":1734780181397},{"_id":"themes/butterfly/scripts/tag/hide.js","hash":"365db87ddfc582bf8c15cb440c48bed95106e4b1","modified":1734780181406},{"_id":"themes/butterfly/scripts/tag/label.js","hash":"22bc3a24c3610b5a3c3a2043b7d10e26d00018b8","modified":1734780181413},{"_id":"themes/butterfly/scripts/tag/inlineImg.js","hash":"512c68a22ae4a58d6a6b24b368a0c00c2ccb4fcb","modified":1734780181411},{"_id":"themes/butterfly/scripts/tag/mermaid.js","hash":"5c2a07df5874b5377540884e4da14dd21489378f","modified":1734780181429},{"_id":"themes/butterfly/scripts/tag/note.js","hash":"1acefc59ead75ebd8cafee36efc7da4fa426d088","modified":1734780181434},{"_id":"themes/butterfly/scripts/tag/series.js","hash":"f4507d1527cc0d5fe9fdd89eb769e15814a18fec","modified":1734780181457},{"_id":"themes/butterfly/scripts/helpers/aside_archives.js","hash":"24a88d138ccabf29698a6cfe399b2e10f126367f","modified":1734780181377},{"_id":"themes/butterfly/scripts/tag/score.js","hash":"5cb273e95846874e3a58074074c501df23c5e912","modified":1734780181454},{"_id":"themes/butterfly/scripts/tag/timeline.js","hash":"67c1aad5ddfe56deae672146c2774379aa65af95","modified":1734780181462},{"_id":"themes/butterfly/scripts/helpers/aside_categories.js","hash":"5edf400514843e28b329c3fd3f12f66ed5faca66","modified":1734780181379},{"_id":"themes/butterfly/scripts/tag/tabs.js","hash":"3a9a28f6833e9cea60761e52ab8990fcb597444f","modified":1734780181461},{"_id":"themes/butterfly/scripts/helpers/getArchiveLength.js","hash":"1b37a484cbcc81f51953ea093644b70499c26314","modified":1734780181402},{"_id":"themes/butterfly/scripts/helpers/inject_head_js.js","hash":"7397db8012c27a4a1da75dd659745676654a0c65","modified":1734780181410},{"_id":"themes/butterfly/scripts/helpers/related_post.js","hash":"9c2ee5868879529f7cef7d93edca5b755f45e7e9","modified":1734780181451},{"_id":"themes/butterfly/scripts/helpers/series.js","hash":"806e2e5843df23e7eb94709056676f5ce6bfefa7","modified":1734780181455},{"_id":"themes/butterfly/scripts/helpers/page.js","hash":"39325366b622cfd2089cb1c9344d89f2edd79816","modified":1734780181438},{"_id":"themes/butterfly/source/css/var.styl","hash":"8cc7b245da61e35cfcc80cafb4e553b5fa968111","modified":1734780182209},{"_id":"themes/butterfly/source/css/index.styl","hash":"755490867fd8afe47d5cce24faea2ca172b0c4dd","modified":1734780182138},{"_id":"themes/butterfly/source/img/404.jpg","hash":"fb4489bc1d30c93d28f7332158c1c6c1416148de","modified":1734780181367},{"_id":"themes/butterfly/source/img/error-page.png","hash":"d2519710498a871ca3e913c57e2ba20a805b6430","modified":1734780181508},{"_id":"themes/butterfly/source/img/favicon.ico","hash":"455ac256580bf31a45813dbbdb87219bfc8bfb04","modified":1734780181362},{"_id":"themes/butterfly/source/js/main.js","hash":"9fb88eb196f9368768aaa554c679129e4969f069","modified":1734780181426},{"_id":"themes/butterfly/source/img/friend_404.gif","hash":"8d2d0ebef70a8eb07329f57e645889b0e420fa48","modified":1734780181359},{"_id":"themes/butterfly/source/js/tw_cn.js","hash":"7ef59df188ea523da89f4caf69c5c0f14e78da69","modified":1734780181468},{"_id":"themes/butterfly/source/js/utils.js","hash":"fd3c26366c78dd82bc87d4ddebe76c582122e1b7","modified":1734780181472},{"_id":"themes/butterfly/layout/includes/head/analytics.pug","hash":"e5a26d2e2ca789dffc6bd9cfc13ff9e530c9911c","modified":1734780181535},{"_id":"themes/butterfly/layout/includes/head/Open_Graph.pug","hash":"2beb68bdd43b09a539c8f4ed0cb7c0838c03409a","modified":1734780181703},{"_id":"themes/butterfly/layout/includes/head/config.pug","hash":"fbe602e22ee4a60d711485ad925dfe06b92a4c76","modified":1734780181595},{"_id":"themes/butterfly/layout/includes/head/config_site.pug","hash":"c681697eac3657c2c3e921c2774d67bb93d47331","modified":1734780181593},{"_id":"themes/butterfly/layout/includes/head/preconnect.pug","hash":"5208fe1e75d97a05fd9bdd6cc53c59d8b741b94b","modified":1734780181729},{"_id":"themes/butterfly/layout/includes/head/google_adsense.pug","hash":"95a37e92b39c44bcbea4be7e29ddb3921c5b8220","modified":1734780181641},{"_id":"themes/butterfly/layout/includes/header/index.pug","hash":"f4f590102c1937d63da5edf35f2ff37f5932ccc1","modified":1734780181645},{"_id":"themes/butterfly/layout/includes/header/menu_item.pug","hash":"95316827e12ec1a2cee18b7d5f49971e9a88b138","modified":1734780181694},{"_id":"themes/butterfly/layout/includes/head/site_verification.pug","hash":"e2e8d681f183f00ce5ee239c42d2e36b3744daad","modified":1734780181753},{"_id":"themes/butterfly/layout/includes/head/pwa.pug","hash":"0e301fe266b3260257b5a619dc8eedf2c1955e7e","modified":1734780181737},{"_id":"themes/butterfly/layout/includes/header/nav.pug","hash":"cd507e58852dc59a72e624fc1b22dc9b138c2575","modified":1734780181700},{"_id":"themes/butterfly/layout/includes/header/post-info.pug","hash":"605809f97b2f0da0e2e84dd2365fc8ccee1de6bd","modified":1734780181726},{"_id":"themes/butterfly/layout/includes/header/social.pug","hash":"b7608dca3d361001d661779fe8be03c370231c41","modified":1734780181755},{"_id":"themes/butterfly/layout/includes/loading/fullpage-loading.pug","hash":"55090eee8076af761be7741b4e330ceea07c27d7","modified":1734780181629},{"_id":"themes/butterfly/layout/includes/loading/index.pug","hash":"8b12fa52bd522dded8b7f1ae3f580f339d75aecf","modified":1734780181647},{"_id":"themes/butterfly/layout/includes/loading/pace.pug","hash":"38b85f46c8e1bcbc43d2a4875d94ea201518eeeb","modified":1734780181706},{"_id":"themes/butterfly/layout/includes/page/404.pug","hash":"ca9cc03a51561413728d7211f0a544654c5d4e36","modified":1734780181510},{"_id":"themes/butterfly/layout/includes/page/categories.pug","hash":"5276a8d2835e05bd535fedc9f593a0ce8c3e8437","modified":1734780181579},{"_id":"themes/butterfly/layout/includes/mixins/article-sort.pug","hash":"10aa44e0216dbde863e2bd41267b613dc220e517","modified":1734780181553},{"_id":"themes/butterfly/layout/includes/post/outdate-notice.pug","hash":"1661f8a53334789099efffa92246158cb3d933b3","modified":1734780181705},{"_id":"themes/butterfly/layout/includes/mixins/indexPostUI.pug","hash":"77eca4f5dbf38c2c805b732ff8d7d9c1560b6f16","modified":1734780181673},{"_id":"themes/butterfly/layout/includes/page/default-page.pug","hash":"4912beecdef7af33f0704ef4d6605e1ac69fbb11","modified":1734780181603},{"_id":"themes/butterfly/layout/includes/page/shuoshuo.pug","hash":"7e7cd9dfd832c8f3e829ad445eccf5cb5dc8ff18","modified":1734780181747},{"_id":"themes/butterfly/layout/includes/page/flink.pug","hash":"a6c3a4a608f540d05105a7ae19e2f5719c2a3f71","modified":1734780181625},{"_id":"themes/butterfly/layout/includes/post/post-copyright.pug","hash":"2bef558fa87986805b3397319b4c088564ba7c44","modified":1734792356344},{"_id":"themes/butterfly/layout/includes/page/tags.pug","hash":"38c0781ac7544d2010d5bfe7ae521125f3672975","modified":1734780181779},{"_id":"themes/butterfly/layout/includes/post/reward.pug","hash":"2dca79799c566ffa68b21ecefa9c63432b5088e1","modified":1734780181743},{"_id":"themes/butterfly/layout/includes/third-party/aplayer.pug","hash":"0595d60dbf701e2ffa92181923861b1457a02112","modified":1734780181539},{"_id":"themes/butterfly/layout/includes/third-party/pangu.pug","hash":"0c1affa498b28e79e5a465f3f8f18035993bcb88","modified":1734780181717},{"_id":"themes/butterfly/layout/includes/third-party/effect.pug","hash":"1d39670ee6225f85f5c53bf5c84f3fd6e19290e8","modified":1734780181618},{"_id":"themes/butterfly/layout/includes/third-party/pjax.pug","hash":"5c7605a0353ef2709f75bad27794f985c7c78907","modified":1734780181720},{"_id":"themes/butterfly/layout/includes/third-party/prismjs.pug","hash":"512111475060798925eb1a7bc7617c34b8bd32ab","modified":1734780181733},{"_id":"themes/butterfly/layout/includes/third-party/subtitle.pug","hash":"21d42f43f26a2075abf2e6d13d35fb1aaf53a8b4","modified":1734780181777},{"_id":"themes/butterfly/layout/includes/third-party/umami_analytics.pug","hash":"e2fa3804c0fef70bb6fa884f1055c978725ccef2","modified":1734780181795},{"_id":"themes/butterfly/layout/includes/widget/card_ad.pug","hash":"60dc48a7b5d89c2a49123c3fc5893ab9c57dd225","modified":1734780181555},{"_id":"themes/butterfly/layout/includes/widget/card_announcement.pug","hash":"ae392459ad401a083ca51ee0b27526b3c1e1faed","modified":1734780181556},{"_id":"themes/butterfly/layout/includes/widget/card_author.pug","hash":"4ae59a48f8984ce8316cfc82756180dc496774eb","modified":1734780181560},{"_id":"themes/butterfly/layout/includes/widget/card_archives.pug","hash":"86897010fe71503e239887fd8f6a4f5851737be9","modified":1734780181558},{"_id":"themes/butterfly/layout/includes/widget/card_bottom_self.pug","hash":"13dc8ce922e2e2332fe6ad5856ebb5dbf9ea4444","modified":1734780181561},{"_id":"themes/butterfly/layout/includes/widget/card_categories.pug","hash":"d1a416d0a8a7916d0b1a41d73adc66f8c811e493","modified":1734780181562},{"_id":"themes/butterfly/layout/includes/widget/card_post_series.pug","hash":"bd5ad01277f8c6ddf8a3a29af1518e5fe6eed23f","modified":1734780181569},{"_id":"themes/butterfly/layout/includes/widget/card_newest_comment.pug","hash":"ba95646b78688bcdcf77166407c4799e5e3c3e6d","modified":1734780181565},{"_id":"themes/butterfly/layout/includes/widget/card_post_toc.pug","hash":"a658a274c5f7896ee5122725bee45548693bdd66","modified":1734780181571},{"_id":"themes/butterfly/layout/includes/widget/card_top_self.pug","hash":"ae67c6d4130a6c075058a9c1faea1648bcc6f83e","modified":1734780181576},{"_id":"themes/butterfly/layout/includes/widget/card_tags.pug","hash":"eceb4420a64c720f0d2741e89d6229bbb3d87353","modified":1734780181575},{"_id":"themes/butterfly/layout/includes/widget/card_recent_post.pug","hash":"e5aac7b28ed4123d75797263c64e74ac547945bc","modified":1734780181573},{"_id":"themes/butterfly/layout/includes/widget/index.pug","hash":"66f7a8b0cebc05c575ec3cb70b08d6854029d87a","modified":1734780181670},{"_id":"themes/butterfly/source/css/_global/index.styl","hash":"506bbff9c954d5f92a6d97145be2d732571fae39","modified":1734780182124},{"_id":"themes/butterfly/source/css/_global/function.styl","hash":"15f321aee7876f2366677914a7cd2ab8b071b162","modified":1734780182077},{"_id":"themes/butterfly/source/css/_highlight/highlight.styl","hash":"79e95511d8d51e8944092b9596994d9779c1f4e4","modified":1734780182097},{"_id":"themes/butterfly/source/css/_highlight/theme.styl","hash":"4765d72ab300910437d64991d3f70a82b41d4e3a","modified":1734780182195},{"_id":"themes/butterfly/layout/includes/widget/card_webinfo.pug","hash":"5da5f11a0f7f0fc06732df412bb77a7dddc41429","modified":1734780181578},{"_id":"themes/butterfly/source/css/_layout/chat.styl","hash":"1a864887fb1bc9d24caa6b8b63a9bfc251762ffd","modified":1734780182024},{"_id":"themes/butterfly/source/css/_layout/aside.styl","hash":"3312e3bc1076ac8ba9dd902a671602c78a5e1479","modified":1734780182015},{"_id":"themes/butterfly/source/css/_layout/comments.styl","hash":"134811b2d696f9ed2c0cd578f3886f1c60770c0a","modified":1734780182026},{"_id":"themes/butterfly/source/css/_layout/footer.styl","hash":"4382ecffdb778de9fa05edf24765b68ae6da1220","modified":1734780182053},{"_id":"themes/butterfly/source/css/_layout/loading.styl","hash":"ac2aeee9926f75b2a0098efe1c114126987430f2","modified":1734780182149},{"_id":"themes/butterfly/source/css/_layout/head.styl","hash":"dbd4af28bbf2fe9a7d75a75fdf460dfb3317311a","modified":1734780182084},{"_id":"themes/butterfly/source/css/_layout/pagination.styl","hash":"316447b94933af2cc580cc9c2b8b42e3875b8c08","modified":1734780182160},{"_id":"themes/butterfly/source/css/_layout/relatedposts.styl","hash":"517361bf999e41fdea2c57e0af6e82d310f76edd","modified":1734780182173},{"_id":"themes/butterfly/source/css/_layout/post.styl","hash":"0ba6e4f5252d1a95e9dfa20b4a17207b6713947d","modified":1734792353789},{"_id":"themes/butterfly/source/css/_layout/reward.styl","hash":"0d0ef8a9260b494e50ef545e5f395d649418f0a9","modified":1734780182175},{"_id":"themes/butterfly/source/css/_layout/rightside.styl","hash":"743f9dd5585ecac812f3aa908eede4093d84fbd7","modified":1734780182178},{"_id":"themes/butterfly/source/css/_mode/darkmode.styl","hash":"11a0fde4e784b0af5bb813c9e9ca9e480e5db99a","modified":1734780182037},{"_id":"themes/butterfly/source/css/_layout/sidebar.styl","hash":"be7ee2c63cedbc6b7f03cb3993ec533d9ae9d8bb","modified":1734780182187},{"_id":"themes/butterfly/source/css/_layout/third-party.styl","hash":"a96513acd7f51ffa01531ef3a24fdf5391ae93ae","modified":1734780182202},{"_id":"themes/butterfly/source/css/_page/404.styl","hash":"354902d03f13068cf8a3617fb0ea92669e6b2a86","modified":1734780182002},{"_id":"themes/butterfly/source/css/_page/common.styl","hash":"8aa755a3f588e6e598e4fb6510faa6e766d59a94","modified":1734780182029},{"_id":"themes/butterfly/source/css/_page/archives.styl","hash":"c08432ecceaa187005c55144cf6f2b092ca50820","modified":1734780182009},{"_id":"themes/butterfly/source/css/_page/categories.styl","hash":"643ff8c79d033947da312b70847b1b45850d7b29","modified":1734780182023},{"_id":"themes/butterfly/source/css/_mode/readmode.styl","hash":"e2761a2515b34d2d41dea00551abc44d4ce72aeb","modified":1734780182172},{"_id":"themes/butterfly/source/css/_page/flink.styl","hash":"b02e88bb5dafcef11be4669da6cd9cddbf9a852a","modified":1734780182050},{"_id":"themes/butterfly/source/css/_page/shuoshuo.styl","hash":"855af8f97daad51b0161d96d50abd71edec87142","modified":1734780182184},{"_id":"themes/butterfly/source/css/_page/homepage.styl","hash":"3fa5aa012c62da3b5220654426c0708cab24e9af","modified":1734780182102},{"_id":"themes/butterfly/source/css/_page/tags.styl","hash":"e765323537d174c7dcb88614100ccdc3e2d020e1","modified":1734780182191},{"_id":"themes/butterfly/source/css/_tags/button.styl","hash":"2c71b5bfb873d57eb6532144f66e86183dd0dcf6","modified":1734780182021},{"_id":"themes/butterfly/source/css/_tags/gallery.styl","hash":"5ded9ddc66777e93cc4f0e1e4349540c0249346d","modified":1734780182081},{"_id":"themes/butterfly/source/css/_tags/hexo.styl","hash":"d76c38adf1d9c1279ef4241835667789f5b736e0","modified":1734780182086},{"_id":"themes/butterfly/source/css/_tags/hide.styl","hash":"7e5ca6a899c66b26cebc027db530d54018e2c5c0","modified":1734780182092},{"_id":"themes/butterfly/source/css/_tags/inlineImg.styl","hash":"f7415acfee7adb5ba01fd278b1e16b636a6b20a1","modified":1734780182140},{"_id":"themes/butterfly/source/css/_tags/note.styl","hash":"909bb5079b26b6ee68177919f522566503654058","modified":1734780182156},{"_id":"themes/butterfly/source/css/_tags/label.styl","hash":"4a651e47d658340443bb63b7d15a1e9e34f76aca","modified":1734780182142},{"_id":"themes/butterfly/source/css/_tags/series.styl","hash":"cf24d72ea16ef253a438efe95b9a0a8fdfbb6d01","modified":1734780182180},{"_id":"themes/butterfly/source/css/_tags/tabs.styl","hash":"e76655e699154c3d39043c1a5bb8400dc1658399","modified":1734780182190},{"_id":"themes/butterfly/source/css/_search/algolia.styl","hash":"44d6b9fa9f0cb9026722f7dda15368d41d3fed20","modified":1734780182007},{"_id":"themes/butterfly/source/css/_tags/timeline.styl","hash":"62d03f6c429c2de256a204399610a041cab23b04","modified":1734780182205},{"_id":"themes/butterfly/source/css/_search/index.styl","hash":"e2046eed9503ac506d5ca120b60203dd2cd968af","modified":1734780182135},{"_id":"themes/butterfly/source/css/_search/local-search.styl","hash":"1ce084ed240d0e998bcdf1416ada598637878398","modified":1734780182153},{"_id":"themes/butterfly/source/css/_third-party/normalize.min.css","hash":"2c18a1c9604af475b4749def8f1959df88d8b276","modified":1734780181351},{"_id":"themes/butterfly/source/js/search/algolia.js","hash":"e5821f78381af9f0f646952a7dd118daab2a79a6","modified":1734780181374},{"_id":"themes/butterfly/source/js/search/local-search.js","hash":"4e11d033fb58563f5e1b497f1a6f1c62d3501ee6","modified":1734780181420},{"_id":"themes/butterfly/layout/includes/third-party/card-post-count/disqus.pug","hash":"c5f7081ca29db8cc80f808dfc29e36d5fa22fd7e","modified":1734780181608},{"_id":"themes/butterfly/layout/includes/third-party/card-post-count/index.pug","hash":"b2d274db84ef22fbd6d5ea8f4404821898934209","modified":1734780181653},{"_id":"themes/butterfly/layout/includes/third-party/card-post-count/remark42.pug","hash":"001e8be47854b891efe04013c240c38fed4185eb","modified":1734780181738},{"_id":"themes/butterfly/layout/includes/third-party/card-post-count/fb.pug","hash":"a35c21e9ec2bef465c945408da515bfb5d848d6d","modified":1734780181622},{"_id":"themes/butterfly/layout/includes/third-party/card-post-count/valine.pug","hash":"5715fc2dc75808af0a434fe66b81d0f651d03ed3","modified":1734780181850},{"_id":"themes/butterfly/layout/includes/third-party/card-post-count/waline.pug","hash":"3a5ccfc69bd8ccb4b8f3ce3502023f7914f2a022","modified":1734780181991},{"_id":"themes/butterfly/layout/includes/third-party/abcjs/index.pug","hash":"cabb3a06f8ef297a1ea3d91ced8abeaa0831aa14","modified":1734780181651},{"_id":"themes/butterfly/layout/includes/third-party/comments/artalk.pug","hash":"f71d8acf5b0f3ece91ae1e018962c73b50941a45","modified":1734780181545},{"_id":"themes/butterfly/layout/includes/third-party/comments/disqus.pug","hash":"be40f20273c31e8b37353d9705ad9b9c693e16a2","modified":1734780181609},{"_id":"themes/butterfly/layout/includes/third-party/card-post-count/twikoo.pug","hash":"007bb96fd84f38852b7ab5f761e6867b6058422f","modified":1734780181791},{"_id":"themes/butterfly/layout/includes/third-party/abcjs/abcjs.pug","hash":"cb77a73a2b47156d18afb9f2376b3d502d0d12d7","modified":1734780181512},{"_id":"themes/butterfly/layout/includes/third-party/card-post-count/artalk.pug","hash":"71af0b679e00290b0854384368b3c7e9b3e5f26a","modified":1734780181543},{"_id":"themes/butterfly/layout/includes/third-party/comments/disqusjs.pug","hash":"8f3d4c33ec3d1be4bd203ba2461db9ccfad63f23","modified":1734780181611},{"_id":"themes/butterfly/layout/includes/third-party/comments/facebook_comments.pug","hash":"d040c00332e83c985dbc0e76e3242336edbcd764","modified":1734780181620},{"_id":"themes/butterfly/layout/includes/third-party/comments/giscus.pug","hash":"966ef931a9545cdde8c270322e8650b54b965935","modified":1734780181634},{"_id":"themes/butterfly/layout/includes/third-party/comments/gitalk.pug","hash":"dd5c7e808654aefeb3fcc81c7b0911cff1ee8776","modified":1734780181637},{"_id":"themes/butterfly/layout/includes/third-party/comments/index.pug","hash":"a9709905593d960954e2dd572f09f48a6c2b1ef7","modified":1734780181659},{"_id":"themes/butterfly/layout/includes/third-party/comments/js.pug","hash":"00ed91c52939b9675b316137f854d13684c895a6","modified":1734780181675},{"_id":"themes/butterfly/layout/includes/third-party/comments/livere.pug","hash":"6ddd9dce1a553a0d24509d7f9c78b9f6742be030","modified":1734780181680},{"_id":"themes/butterfly/layout/includes/third-party/comments/remark42.pug","hash":"830bafcf50180fed4fcf76f0da277d702e66a5b3","modified":1734780181741},{"_id":"themes/butterfly/layout/includes/third-party/comments/twikoo.pug","hash":"8869bac6ec822a70dfe432d7bd5e599750441ddb","modified":1734780181793},{"_id":"themes/butterfly/layout/includes/third-party/comments/utterances.pug","hash":"46c177643a8e65f036cb08c29387d4ab29485859","modified":1734780181796},{"_id":"themes/butterfly/layout/includes/third-party/chat/chatra.pug","hash":"8b21906b1b3f3faa19bdc16f4167b0b5d487c9ac","modified":1734780181590},{"_id":"themes/butterfly/layout/includes/third-party/comments/waline.pug","hash":"bfc6e6690e70c5bd646bdff354b750ebd782f4ad","modified":1734780181993},{"_id":"themes/butterfly/layout/includes/third-party/comments/valine.pug","hash":"5227663ccbe86c830447e4dcc594202b1582595d","modified":1734780181922},{"_id":"themes/butterfly/layout/includes/third-party/chat/crisp.pug","hash":"2c6eb1b0b3586ce6a92228f809be37642a2010b0","modified":1734780181600},{"_id":"themes/butterfly/layout/includes/third-party/chat/tidio.pug","hash":"9ed621742714de6de6593490e3d4aaa3f30a4791","modified":1734780181786},{"_id":"themes/butterfly/layout/includes/third-party/chat/index.pug","hash":"5aaef147ae31e1ffc49152acd43dabc5f15b39ba","modified":1734780181654},{"_id":"themes/butterfly/layout/includes/third-party/math/index.pug","hash":"bd87dc207f1cab66e48496548b18f0dd9021eb91","modified":1734780181660},{"_id":"themes/butterfly/layout/includes/third-party/math/katex.pug","hash":"1c2190c9bac26992de8d52be4f8522309d566750","modified":1734780181676},{"_id":"themes/butterfly/layout/includes/third-party/math/chartjs.pug","hash":"a3f409a0c1ed3df8c920f7d32b86c3832459f3bf","modified":1734780181588},{"_id":"themes/butterfly/layout/includes/third-party/math/mathjax.pug","hash":"49aece5be2a0a8e414257ecbfc2abd7d0d5f8c64","modified":1734780181692},{"_id":"themes/butterfly/layout/includes/third-party/math/mermaid.pug","hash":"2e82651607326e7f999fc7891480c74a06cbb416","modified":1734780181696},{"_id":"themes/butterfly/layout/includes/third-party/newest-comments/artalk.pug","hash":"86cf7ba9cae6eb8bee0ca792df7a82f58c8451ff","modified":1734780181547},{"_id":"themes/butterfly/layout/includes/third-party/newest-comments/disqus-comment.pug","hash":"619c41729691a54871b49da54ea27657d1b58e7e","modified":1734780181606},{"_id":"themes/butterfly/layout/includes/third-party/newest-comments/common.pug","hash":"7e3b4e1124c9917b820e96bd0c915c08da68aecd","modified":1734780181592},{"_id":"themes/butterfly/layout/includes/third-party/newest-comments/github-issues.pug","hash":"b82c936cb73c325fcac69832a3e475ed732e06f9","modified":1734780181638},{"_id":"themes/butterfly/layout/includes/third-party/newest-comments/remark42.pug","hash":"eee2c6b5c73ea280c7b683a1d117cab5a2ea5f66","modified":1734780181742},{"_id":"themes/butterfly/layout/includes/third-party/newest-comments/twikoo-comment.pug","hash":"16796729df739a47508999b5467a57037ee6e9df","modified":1734780181789},{"_id":"themes/butterfly/layout/includes/third-party/search/algolia.pug","hash":"9c3c109a12d2b6916e8b4965cca12f521510ead9","modified":1734780181524},{"_id":"themes/butterfly/layout/includes/third-party/search/docsearch.pug","hash":"18b492731f67d449bb32d7fac321deb57a92e75f","modified":1734780181612},{"_id":"themes/butterfly/layout/includes/third-party/search/index.pug","hash":"11a4e7decb634fbd6af454aa5ec230945837b6a9","modified":1734780181662},{"_id":"themes/butterfly/layout/includes/third-party/newest-comments/index.pug","hash":"4ec0642f2d5444acfab570a6f8c7868e7ff43fde","modified":1734780181661},{"_id":"themes/butterfly/layout/includes/third-party/share/addtoany.pug","hash":"85c92f8a7e44d7cd1c86f089a05be438535e5362","modified":1734780181522},{"_id":"themes/butterfly/layout/includes/third-party/newest-comments/waline.pug","hash":"393a327a7f41de070abd53cd95149d3e7e1bbf61","modified":1734780181995},{"_id":"themes/butterfly/layout/includes/third-party/search/local-search.pug","hash":"f11c6db285f57a475db638e74920efb2d0e5a4d0","modified":1734780181685},{"_id":"themes/butterfly/layout/includes/third-party/share/index.pug","hash":"8a7d5cdca6a87897d435fc88ebcb7ec0b7ec8591","modified":1734780181665},{"_id":"themes/butterfly/layout/includes/third-party/share/share-js.pug","hash":"393c94702fd65c585e37bcf9a4f33c638d8bac72","modified":1734780181745},{"_id":"themes/butterfly/layout/includes/third-party/newest-comments/valine.pug","hash":"988f75833dcb18d4a02c34cdea51e39434ea5723","modified":1734780181989},{"_id":"themes/butterfly/source/css/_highlight/highlight/diff.styl","hash":"fdcc5a88505fcbf0593aa04ecb4ac0c8ad4f8fa3","modified":1734780182043},{"_id":"themes/butterfly/source/css/_highlight/highlight/index.styl","hash":"cc272f7d612a52f4f1d2a95456cc89bc709fe0e5","modified":1734780182128},{"_id":"themes/butterfly/source/css/_highlight/prismjs/diff.styl","hash":"dcd3af96d8be1a6358a88daf2c66165cc9b792d9","modified":1734780182047},{"_id":"themes/butterfly/source/css/_highlight/prismjs/line-number.styl","hash":"ed77729c26cf815c75efd3a6889b6ac805471765","modified":1734780182145},{"_id":"themes/butterfly/source/css/_highlight/prismjs/index.styl","hash":"1997713a8722391c8b5c8c1598ec19adee993fa5","modified":1734780182129},{"_id":"themes/butterfly/source/img/butterfly-icon.png","hash":"f5dd732fed5c3bcd4aa76bac3441bac8485fb432","modified":1734780181503},{"_id":"source/font/AiDianGanFengXingKai.ttf","hash":"424f342b07dc74c69e0f533719fa7a4d5aa21366","modified":1734789627037},{"_id":"public/css/custom.css","hash":"745326b43befa23a99f68339e54e9de0a3f4c0b1","modified":1734834243700},{"_id":"public/js/Vue.js","hash":"da39a3ee5e6b4b0d3255bfef95601890afd80709","modified":1734834243700},{"_id":"public/js/runtime.js","hash":"e740d799aa4434b0c3d27b17dea44d676dc26c2e","modified":1734834243700},{"_id":"public/search.xml","hash":"0905ce0c8f86002a891adfc2c39beaad669cd2fe","modified":1734834243700},{"_id":"public/Gallery/index.html","hash":"3a7db79a9d181a7765cfc12cc73f44b2d9060d68","modified":1734834243700},{"_id":"public/about/index.html","hash":"da71f09928e4f80bfbd72e0f941fe6509595900f","modified":1734834243700},{"_id":"public/categories/index.html","hash":"d0e725190748675fc91b4365d7d960cc9a0b11da","modified":1734834243700},{"_id":"public/link/index.html","hash":"af93e57613a12fd46b640c98a15adb996ea9535b","modified":1734834243700},{"_id":"public/movies/index.html","hash":"5cc8489a28c28edb8df598aa716b6f6f142a4056","modified":1734834243700},{"_id":"public/music/index.html","hash":"231cc3900972b624452341b75a0cf7caababbf1d","modified":1734834243700},{"_id":"public/tags/index.html","hash":"4167229a9b42d495c8cb3b38935424af297199ea","modified":1734834243700},{"_id":"public/img/404.jpg","hash":"fb4489bc1d30c93d28f7332158c1c6c1416148de","modified":1734834243700},{"_id":"public/img/error-page.png","hash":"d2519710498a871ca3e913c57e2ba20a805b6430","modified":1734834243700},{"_id":"public/img/favicon.ico","hash":"455ac256580bf31a45813dbbdb87219bfc8bfb04","modified":1734834243700},{"_id":"public/img/friend_404.gif","hash":"8d2d0ebef70a8eb07329f57e645889b0e420fa48","modified":1734834243700},{"_id":"public/assets/js/APlayer.min.js","hash":"22caa28ff6b41a16ff40f15d38f1739e22359478","modified":1734834243700},{"_id":"public/assets/css/APlayer.min.css","hash":"07372a2ba507388d0fed166d761b1c2c2a659dce","modified":1734834243700},{"_id":"public/assets/js/Meting.min.js","hash":"a0585220b918d78649a7893279e1ec4fb5abe835","modified":1734834243700},{"_id":"public/css/var.css","hash":"da39a3ee5e6b4b0d3255bfef95601890afd80709","modified":1734834243700},{"_id":"public/js/tw_cn.js","hash":"7ef59df188ea523da89f4caf69c5c0f14e78da69","modified":1734834243700},{"_id":"public/js/main.js","hash":"9fb88eb196f9368768aaa554c679129e4969f069","modified":1734834243700},{"_id":"public/js/utils.js","hash":"fd3c26366c78dd82bc87d4ddebe76c582122e1b7","modified":1734834243700},{"_id":"public/js/search/local-search.js","hash":"4e11d033fb58563f5e1b497f1a6f1c62d3501ee6","modified":1734834243700},{"_id":"public/css/index.css","hash":"6c833887d2272179bc7d70bdde485de61448b31d","modified":1734834243700},{"_id":"public/js/search/algolia.js","hash":"e5821f78381af9f0f646952a7dd118daab2a79a6","modified":1734834243700},{"_id":"public/img/butterfly-icon.png","hash":"f5dd732fed5c3bcd4aa76bac3441bac8485fb432","modified":1734834243700},{"_id":"public/font/AiDianGanFengXingKai.ttf","hash":"424f342b07dc74c69e0f533719fa7a4d5aa21366","modified":1734834243700}],"Category":[],"Data":[{"_id":"link","data":[{"class_name":"1.技术支持","class_desc":"本网站的搭建由以下开源作者提供技术支持","link_list":[{"name":"Hexo","link":"https://hexo.io/zh-cn/","avatar":"https://d33wubrfki0l68.cloudfront.net/6657ba50e702d84afb32fe846bed54fba1a77add/827ae/logo.svg","descr":"快速、简单且强大的网志框架","siteshot":"https://source.fomal.cc/siteshot/hexo.io.jpg"},{"name":"CloudFlare","link":"https://www.cloudflare.com/","avatar":"https://www.cloudflare.com/favicon.ico","descr":"全球内容分发网络","siteshot":"https://picture.invincible.us.kg/img/others/Cloudflare.png"},{"name":"GitHub","link":"https://github.com/","avatar":"https://github.githubassets.com/pinned-octocat.svg","descr":"开源的代码托管平台","siteshot":"https://picture.invincible.us.kg/img/others/github.png"},{"name":"Vercel","link":"https://vercel.com/","avatar":"https://vercel.com/favicon.ico","descr":"静态代理网站","siteshot":"https://picture.invincible.us.kg/img/others/Vercel.png"},{"name":null}]},{"class_name":"2.友情链接","class_desc":"一些好朋友~~","link_list":[{"name":"Fomalhaut🥝(启蒙导师)","link":"https://fomal.cc/","avatar":"https://fomal.cc/assets/head.jpg","descr":"Future is now 🍭🍭🍭","siteshot":"https://source.fomal.cc/siteshot/www.fomal.cn.jpg"}]}]}],"Page":[{"title":"照片","date":"2024-12-22T01:58:00.000Z","_content":"","source":"Gallery/index.md","raw":"---\ntitle: 照片\ndate: 2024-12-22 09:58:00\n---\n","updated":"2024-12-22T01:58:12.702Z","path":"Gallery/index.html","comments":1,"layout":"page","_id":"cm4yzitb70000zcvw57lmh3bf","content":"<link rel=\"stylesheet\" class=\"aplayer-secondary-style-marker\" href=\"\\assets\\css\\APlayer.min.css\"><script src=\"\\assets\\js\\APlayer.min.js\" class=\"aplayer-secondary-script-marker\"></script>","cover":false,"excerpt":"","more":""},{"title":"关于","date":"2024-12-22T02:02:41.000Z","_content":"\n# **零·关于本站**\n\n## 0.技术支持\n\n本站搭载与Github\n\n使用Vercel进行静态部署\n\n域名使用Cloudflare托管\n\n## 1.启蒙导师\n\n[Fomalhaut🥝](https://www.fomal.cc/)\n\n[butterfly](https://butterfly.js.org/)\n\n## 2.本站的地理位置\n\n![本站的地理位置](https://picture.invincible.us.kg/img/website/about1.png)\n\n# 壹·关于作者\n\n## 一个畜中牲\n","source":"about/index.md","raw":"---\ntitle: 关于\ndate: 2024-12-22 10:02:41\n---\n\n# **零·关于本站**\n\n## 0.技术支持\n\n本站搭载与Github\n\n使用Vercel进行静态部署\n\n域名使用Cloudflare托管\n\n## 1.启蒙导师\n\n[Fomalhaut🥝](https://www.fomal.cc/)\n\n[butterfly](https://butterfly.js.org/)\n\n## 2.本站的地理位置\n\n![本站的地理位置](https://picture.invincible.us.kg/img/website/about1.png)\n\n# 壹·关于作者\n\n## 一个畜中牲\n","updated":"2024-12-22T02:20:00.570Z","path":"about/index.html","comments":1,"layout":"page","_id":"cm4yzitbe0001zcvw8j7a739r","content":"<link rel=\"stylesheet\" class=\"aplayer-secondary-style-marker\" href=\"\\assets\\css\\APlayer.min.css\"><script src=\"\\assets\\js\\APlayer.min.js\" class=\"aplayer-secondary-script-marker\"></script><h1 id=\"零·关于本站\"><a href=\"#零·关于本站\" class=\"headerlink\" title=\"零·关于本站\"></a><strong>零·关于本站</strong></h1><h2 id=\"0-技术支持\"><a href=\"#0-技术支持\" class=\"headerlink\" title=\"0.技术支持\"></a>0.技术支持</h2><p>本站搭载与Github</p>\n<p>使用Vercel进行静态部署</p>\n<p>域名使用Cloudflare托管</p>\n<h2 id=\"1-启蒙导师\"><a href=\"#1-启蒙导师\" class=\"headerlink\" title=\"1.启蒙导师\"></a>1.启蒙导师</h2><p><a href=\"https://www.fomal.cc/\">Fomalhaut🥝</a></p>\n<p><a href=\"https://butterfly.js.org/\">butterfly</a></p>\n<h2 id=\"2-本站的地理位置\"><a href=\"#2-本站的地理位置\" class=\"headerlink\" title=\"2.本站的地理位置\"></a>2.本站的地理位置</h2><p><img src=\"https://picture.invincible.us.kg/img/website/about1.png\" alt=\"本站的地理位置\"></p>\n<h1 id=\"壹·关于作者\"><a href=\"#壹·关于作者\" class=\"headerlink\" title=\"壹·关于作者\"></a>壹·关于作者</h1><h2 id=\"一个畜中牲\"><a href=\"#一个畜中牲\" class=\"headerlink\" title=\"一个畜中牲\"></a>一个畜中牲</h2>","cover":false,"excerpt":"","more":"<h1 id=\"零·关于本站\"><a href=\"#零·关于本站\" class=\"headerlink\" title=\"零·关于本站\"></a><strong>零·关于本站</strong></h1><h2 id=\"0-技术支持\"><a href=\"#0-技术支持\" class=\"headerlink\" title=\"0.技术支持\"></a>0.技术支持</h2><p>本站搭载与Github</p>\n<p>使用Vercel进行静态部署</p>\n<p>域名使用Cloudflare托管</p>\n<h2 id=\"1-启蒙导师\"><a href=\"#1-启蒙导师\" class=\"headerlink\" title=\"1.启蒙导师\"></a>1.启蒙导师</h2><p><a href=\"https://www.fomal.cc/\">Fomalhaut🥝</a></p>\n<p><a href=\"https://butterfly.js.org/\">butterfly</a></p>\n<h2 id=\"2-本站的地理位置\"><a href=\"#2-本站的地理位置\" class=\"headerlink\" title=\"2.本站的地理位置\"></a>2.本站的地理位置</h2><p><img src=\"https://picture.invincible.us.kg/img/website/about1.png\" alt=\"本站的地理位置\"></p>\n<h1 id=\"壹·关于作者\"><a href=\"#壹·关于作者\" class=\"headerlink\" title=\"壹·关于作者\"></a>壹·关于作者</h1><h2 id=\"一个畜中牲\"><a href=\"#一个畜中牲\" class=\"headerlink\" title=\"一个畜中牲\"></a>一个畜中牲</h2>"},{"_content":"/* 自定义字体 */\n@font-face {\n    /* 为载入的字体取名字(随意) */\n    font-family: '爱点乾峰行楷';\t\n    /* 字体文件地址(相对或者绝对路径都可以) */\n    src: url(/font/AiDianGanFengXingKai.ttf);\n    /* 定义加粗样式(加粗多少) */\n    font-weight: normal;\n    /* 定义字体样式(斜体/非斜体) */\n    font-style: normal;\n    /* 定义显示样式 */\n    font-display: block;\n  }\n\n\n  /* 侧边栏个人信息卡片动态渐变色 */\n#aside-content > .card-widget.card-info {\n    background: linear-gradient(\n      -45deg,\n      #e8d8b9,\n      #eccec5,\n      #a3e9eb,\n      #bdbdf0,\n      #eec1ea\n    );\n    box-shadow: 0 0 5px rgb(66, 68, 68);\n    position: relative;\n    background-size: 400% 400%;\n    -webkit-animation: Gradient 10s ease infinite;\n    -moz-animation: Gradient 10s ease infinite;\n    animation: Gradient 10s ease infinite !important;\n  }\n  @-webkit-keyframes Gradient {\n    0% {\n      background-position: 0% 50%;\n    }\n    50% {\n      background-position: 100% 50%;\n    }\n    100% {\n      background-position: 0% 50%;\n    }\n  }\n  @-moz-keyframes Gradient {\n    0% {\n      background-position: 0% 50%;\n    }\n    50% {\n      background-position: 100% 50%;\n    }\n    100% {\n      background-position: 0% 50%;\n    }\n  }\n  @keyframes Gradient {\n    0% {\n      background-position: 0% 50%;\n    }\n    50% {\n      background-position: 100% 50%;\n    }\n    100% {\n      background-position: 0% 50%;\n    }\n  }\n  \n  /* 黑夜模式适配 */\n  [data-theme=\"dark\"] #aside-content > .card-widget.card-info {\n    background: #191919ee;\n  }\n  \n  /* 个人信息Follow me按钮 */\n  #aside-content > .card-widget.card-info > #card-info-btn {\n    background-color: #3eb8be;\n    border-radius: 8px;\n  }\n\n  /* 页脚与头图透明 */\n#footer {\n  background: transparent !important;\n}\n#page-header {\n  background: transparent !important;\n}\n\n/* 白天模式遮罩透明 */\n#footer::before {\n  background: transparent !important;\n}\n#page-header::before {\n  background: transparent !important;\n}\n\n/* 夜间模式遮罩透明 */\n[data-theme=\"dark\"] #footer::before {\n  background: transparent !important;\n}\n[data-theme=\"dark\"] #page-header::before {\n  background: transparent !important;\n}\n\n/* 一级菜单居中 */\n#nav .menus_items {\n  position: absolute !important;\n  width: fit-content !important;\n  left: 50% !important;\n  transform: translateX(-50%) !important;\n}\n/* 子菜单横向展示 */\n#nav .menus_items .menus_item:hover .menus_item_child {\n  display: flex !important;\n}\n/* 这里的2是代表导航栏的第2个元素，即有子菜单的元素，可以按自己需求修改 */\n.menus_items .menus_item:nth-child(5) .menus_item_child {\n  left: -38px;\n}","source":"css/custom.css","raw":"/* 自定义字体 */\n@font-face {\n    /* 为载入的字体取名字(随意) */\n    font-family: '爱点乾峰行楷';\t\n    /* 字体文件地址(相对或者绝对路径都可以) */\n    src: url(/font/AiDianGanFengXingKai.ttf);\n    /* 定义加粗样式(加粗多少) */\n    font-weight: normal;\n    /* 定义字体样式(斜体/非斜体) */\n    font-style: normal;\n    /* 定义显示样式 */\n    font-display: block;\n  }\n\n\n  /* 侧边栏个人信息卡片动态渐变色 */\n#aside-content > .card-widget.card-info {\n    background: linear-gradient(\n      -45deg,\n      #e8d8b9,\n      #eccec5,\n      #a3e9eb,\n      #bdbdf0,\n      #eec1ea\n    );\n    box-shadow: 0 0 5px rgb(66, 68, 68);\n    position: relative;\n    background-size: 400% 400%;\n    -webkit-animation: Gradient 10s ease infinite;\n    -moz-animation: Gradient 10s ease infinite;\n    animation: Gradient 10s ease infinite !important;\n  }\n  @-webkit-keyframes Gradient {\n    0% {\n      background-position: 0% 50%;\n    }\n    50% {\n      background-position: 100% 50%;\n    }\n    100% {\n      background-position: 0% 50%;\n    }\n  }\n  @-moz-keyframes Gradient {\n    0% {\n      background-position: 0% 50%;\n    }\n    50% {\n      background-position: 100% 50%;\n    }\n    100% {\n      background-position: 0% 50%;\n    }\n  }\n  @keyframes Gradient {\n    0% {\n      background-position: 0% 50%;\n    }\n    50% {\n      background-position: 100% 50%;\n    }\n    100% {\n      background-position: 0% 50%;\n    }\n  }\n  \n  /* 黑夜模式适配 */\n  [data-theme=\"dark\"] #aside-content > .card-widget.card-info {\n    background: #191919ee;\n  }\n  \n  /* 个人信息Follow me按钮 */\n  #aside-content > .card-widget.card-info > #card-info-btn {\n    background-color: #3eb8be;\n    border-radius: 8px;\n  }\n\n  /* 页脚与头图透明 */\n#footer {\n  background: transparent !important;\n}\n#page-header {\n  background: transparent !important;\n}\n\n/* 白天模式遮罩透明 */\n#footer::before {\n  background: transparent !important;\n}\n#page-header::before {\n  background: transparent !important;\n}\n\n/* 夜间模式遮罩透明 */\n[data-theme=\"dark\"] #footer::before {\n  background: transparent !important;\n}\n[data-theme=\"dark\"] #page-header::before {\n  background: transparent !important;\n}\n\n/* 一级菜单居中 */\n#nav .menus_items {\n  position: absolute !important;\n  width: fit-content !important;\n  left: 50% !important;\n  transform: translateX(-50%) !important;\n}\n/* 子菜单横向展示 */\n#nav .menus_items .menus_item:hover .menus_item_child {\n  display: flex !important;\n}\n/* 这里的2是代表导航栏的第2个元素，即有子菜单的元素，可以按自己需求修改 */\n.menus_items .menus_item:nth-child(5) .menus_item_child {\n  left: -38px;\n}","date":"2024-12-22T01:34:41.354Z","updated":"2024-12-22T01:34:41.354Z","path":"css/custom.css","layout":"false","title":"","comments":1,"_id":"cm4yzitbh0002zcvw3seb53mr","content":"/* 自定义字体 */\n@font-face {\n    /* 为载入的字体取名字(随意) */\n    font-family: '爱点乾峰行楷';\t\n    /* 字体文件地址(相对或者绝对路径都可以) */\n    src: url(/font/AiDianGanFengXingKai.ttf);\n    /* 定义加粗样式(加粗多少) */\n    font-weight: normal;\n    /* 定义字体样式(斜体/非斜体) */\n    font-style: normal;\n    /* 定义显示样式 */\n    font-display: block;\n  }\n\n\n  /* 侧边栏个人信息卡片动态渐变色 */\n#aside-content > .card-widget.card-info {\n    background: linear-gradient(\n      -45deg,\n      #e8d8b9,\n      #eccec5,\n      #a3e9eb,\n      #bdbdf0,\n      #eec1ea\n    );\n    box-shadow: 0 0 5px rgb(66, 68, 68);\n    position: relative;\n    background-size: 400% 400%;\n    -webkit-animation: Gradient 10s ease infinite;\n    -moz-animation: Gradient 10s ease infinite;\n    animation: Gradient 10s ease infinite !important;\n  }\n  @-webkit-keyframes Gradient {\n    0% {\n      background-position: 0% 50%;\n    }\n    50% {\n      background-position: 100% 50%;\n    }\n    100% {\n      background-position: 0% 50%;\n    }\n  }\n  @-moz-keyframes Gradient {\n    0% {\n      background-position: 0% 50%;\n    }\n    50% {\n      background-position: 100% 50%;\n    }\n    100% {\n      background-position: 0% 50%;\n    }\n  }\n  @keyframes Gradient {\n    0% {\n      background-position: 0% 50%;\n    }\n    50% {\n      background-position: 100% 50%;\n    }\n    100% {\n      background-position: 0% 50%;\n    }\n  }\n  \n  /* 黑夜模式适配 */\n  [data-theme=\"dark\"] #aside-content > .card-widget.card-info {\n    background: #191919ee;\n  }\n  \n  /* 个人信息Follow me按钮 */\n  #aside-content > .card-widget.card-info > #card-info-btn {\n    background-color: #3eb8be;\n    border-radius: 8px;\n  }\n\n  /* 页脚与头图透明 */\n#footer {\n  background: transparent !important;\n}\n#page-header {\n  background: transparent !important;\n}\n\n/* 白天模式遮罩透明 */\n#footer::before {\n  background: transparent !important;\n}\n#page-header::before {\n  background: transparent !important;\n}\n\n/* 夜间模式遮罩透明 */\n[data-theme=\"dark\"] #footer::before {\n  background: transparent !important;\n}\n[data-theme=\"dark\"] #page-header::before {\n  background: transparent !important;\n}\n\n/* 一级菜单居中 */\n#nav .menus_items {\n  position: absolute !important;\n  width: fit-content !important;\n  left: 50% !important;\n  transform: translateX(-50%) !important;\n}\n/* 子菜单横向展示 */\n#nav .menus_items .menus_item:hover .menus_item_child {\n  display: flex !important;\n}\n/* 这里的2是代表导航栏的第2个元素，即有子菜单的元素，可以按自己需求修改 */\n.menus_items .menus_item:nth-child(5) .menus_item_child {\n  left: -38px;\n}"},{"title":"分类","date":"2024-12-22T02:01:11.000Z","_content":"","source":"categories/index.md","raw":"---\ntitle: 分类\ndate: 2024-12-22 10:01:11\n---\n","updated":"2024-12-22T02:02:09.488Z","path":"categories/index.html","comments":1,"layout":"page","_id":"cm4yzitbi0003zcvw395sduuz","content":"<link rel=\"stylesheet\" class=\"aplayer-secondary-style-marker\" href=\"\\assets\\css\\APlayer.min.css\"><script src=\"\\assets\\js\\APlayer.min.js\" class=\"aplayer-secondary-script-marker\"></script>","cover":false,"excerpt":"","more":""},{"_content":"","source":"js/Vue.js","raw":"","date":"2024-12-22T00:30:53.244Z","updated":"2024-12-21T14:47:38.601Z","path":"js/Vue.js","layout":"false","title":"","comments":1,"_id":"cm4yzitbj0004zcvw65g075m8","content":""},{"_content":"var now=new Date;function createtime(){now.setTime(now.getTime()+1e3);var e=new Date(\"12/01/2024 00:00:00\"),t=Math.trunc(234e8+(now-e)/1e3*17),a=(t/1496e5).toFixed(6),o=new Date(\"12/01/2024 00:00:00\"),n=(now-o)/1e3/60/60/24,r=Math.floor(n),i=(now-o)/1e3/60/60-24*r,s=Math.floor(i);1==String(s).length&&(s=\"0\"+s);var d=(now-o)/1e3/60-1440*r-60*s,l=Math.floor(d);1==String(l).length&&(l=\"0\"+l);var g=(now-o)/1e3-86400*r-3600*s-60*l,b=Math.round(g);1==String(b).length&&(b=\"0\"+b);let c=\"\";c=s<18&&s>=9?`<img class='boardsign' src='https://sourcebucket.s3.ladydaily.com/badge/F小屋-科研摸鱼中.svg' title='什么时候能够实现财富自由呀~'><br> <div style=\"font-size:13px;font-weight:bold\">本站居然运行了 ${r} 天 ${s} 小时 ${l} 分 ${b} 秒 <i id=\"heartbeat\" class='fas fa-heartbeat'></i> <br> 旅行者 1 号当前距离地球 ${t} 千米，约为 ${a} 个天文单位 🚀</div>`:`<img class='boardsign' src='https://sourcebucket.s3.ladydaily.com/badge/F小屋-下班休息啦.svg' title='下班了就该开开心心地玩耍~'><br> <div style=\"font-size:13px;font-weight:bold\">本站居然运行了 ${r} 天 ${s} 小时 ${l} 分 ${b} 秒 <i id=\"heartbeat\" class='fas fa-heartbeat'></i> <br> 旅行者 1 号当前距离地球 ${t} 千米，约为 ${a} 个天文单位 🚀</div>`,document.getElementById(\"workboard\")&&(document.getElementById(\"workboard\").innerHTML=c)}setInterval((()=>{createtime()}),1e3);","source":"js/runtime.js","raw":"var now=new Date;function createtime(){now.setTime(now.getTime()+1e3);var e=new Date(\"12/01/2024 00:00:00\"),t=Math.trunc(234e8+(now-e)/1e3*17),a=(t/1496e5).toFixed(6),o=new Date(\"12/01/2024 00:00:00\"),n=(now-o)/1e3/60/60/24,r=Math.floor(n),i=(now-o)/1e3/60/60-24*r,s=Math.floor(i);1==String(s).length&&(s=\"0\"+s);var d=(now-o)/1e3/60-1440*r-60*s,l=Math.floor(d);1==String(l).length&&(l=\"0\"+l);var g=(now-o)/1e3-86400*r-3600*s-60*l,b=Math.round(g);1==String(b).length&&(b=\"0\"+b);let c=\"\";c=s<18&&s>=9?`<img class='boardsign' src='https://sourcebucket.s3.ladydaily.com/badge/F小屋-科研摸鱼中.svg' title='什么时候能够实现财富自由呀~'><br> <div style=\"font-size:13px;font-weight:bold\">本站居然运行了 ${r} 天 ${s} 小时 ${l} 分 ${b} 秒 <i id=\"heartbeat\" class='fas fa-heartbeat'></i> <br> 旅行者 1 号当前距离地球 ${t} 千米，约为 ${a} 个天文单位 🚀</div>`:`<img class='boardsign' src='https://sourcebucket.s3.ladydaily.com/badge/F小屋-下班休息啦.svg' title='下班了就该开开心心地玩耍~'><br> <div style=\"font-size:13px;font-weight:bold\">本站居然运行了 ${r} 天 ${s} 小时 ${l} 分 ${b} 秒 <i id=\"heartbeat\" class='fas fa-heartbeat'></i> <br> 旅行者 1 号当前距离地球 ${t} 千米，约为 ${a} 个天文单位 🚀</div>`,document.getElementById(\"workboard\")&&(document.getElementById(\"workboard\").innerHTML=c)}setInterval((()=>{createtime()}),1e3);","date":"2024-12-22T01:13:45.186Z","updated":"2024-12-22T01:13:45.186Z","path":"js/runtime.js","layout":"false","title":"","comments":1,"_id":"cm4yzitbk0005zcvw9ukf6o7o","content":"var now=new Date;function createtime(){now.setTime(now.getTime()+1e3);var e=new Date(\"12/01/2024 00:00:00\"),t=Math.trunc(234e8+(now-e)/1e3*17),a=(t/1496e5).toFixed(6),o=new Date(\"12/01/2024 00:00:00\"),n=(now-o)/1e3/60/60/24,r=Math.floor(n),i=(now-o)/1e3/60/60-24*r,s=Math.floor(i);1==String(s).length&&(s=\"0\"+s);var d=(now-o)/1e3/60-1440*r-60*s,l=Math.floor(d);1==String(l).length&&(l=\"0\"+l);var g=(now-o)/1e3-86400*r-3600*s-60*l,b=Math.round(g);1==String(b).length&&(b=\"0\"+b);let c=\"\";c=s<18&&s>=9?`<img class='boardsign' src='https://sourcebucket.s3.ladydaily.com/badge/F小屋-科研摸鱼中.svg' title='什么时候能够实现财富自由呀~'><br> <div style=\"font-size:13px;font-weight:bold\">本站居然运行了 ${r} 天 ${s} 小时 ${l} 分 ${b} 秒 <i id=\"heartbeat\" class='fas fa-heartbeat'></i> <br> 旅行者 1 号当前距离地球 ${t} 千米，约为 ${a} 个天文单位 🚀</div>`:`<img class='boardsign' src='https://sourcebucket.s3.ladydaily.com/badge/F小屋-下班休息啦.svg' title='下班了就该开开心心地玩耍~'><br> <div style=\"font-size:13px;font-weight:bold\">本站居然运行了 ${r} 天 ${s} 小时 ${l} 分 ${b} 秒 <i id=\"heartbeat\" class='fas fa-heartbeat'></i> <br> 旅行者 1 号当前距离地球 ${t} 千米，约为 ${a} 个天文单位 🚀</div>`,document.getElementById(\"workboard\")&&(document.getElementById(\"workboard\").innerHTML=c)}setInterval((()=>{createtime()}),1e3);"},{"title":"link","date":"2024-12-21T11:26:48.000Z","type":"link","_content":"","source":"link/index.md","raw":"---\ntitle: link\ndate: 2024-12-21 19:26:48\ntype: \"link\"\n---\n","updated":"2024-12-21T11:26:53.519Z","path":"link/index.html","comments":1,"layout":"page","_id":"cm4yzitbl0006zcvwfhu8crnr","content":"<link rel=\"stylesheet\" class=\"aplayer-secondary-style-marker\" href=\"\\assets\\css\\APlayer.min.css\"><script src=\"\\assets\\js\\APlayer.min.js\" class=\"aplayer-secondary-script-marker\"></script>","cover":false,"excerpt":"","more":""},{"title":"电影","date":"2024-12-22T01:58:26.000Z","_content":"","source":"movies/index.md","raw":"---\ntitle: 电影\ndate: 2024-12-22 09:58:26\n---\n","updated":"2024-12-22T01:58:34.938Z","path":"movies/index.html","comments":1,"layout":"page","_id":"cm4yzitbm0007zcvw8dc8f0zm","content":"<link rel=\"stylesheet\" class=\"aplayer-secondary-style-marker\" href=\"\\assets\\css\\APlayer.min.css\"><script src=\"\\assets\\js\\APlayer.min.js\" class=\"aplayer-secondary-script-marker\"></script>","cover":false,"excerpt":"","more":""},{"title":"音乐","date":"2024-12-22T01:57:35.000Z","_content":"","source":"music/index.md","raw":"---\ntitle: 音乐\ndate: 2024-12-22 09:57:35\n---\n","updated":"2024-12-22T01:57:42.861Z","path":"music/index.html","comments":1,"layout":"page","_id":"cm4yzitbm0008zcvw4k9t2q35","content":"<link rel=\"stylesheet\" class=\"aplayer-secondary-style-marker\" href=\"\\assets\\css\\APlayer.min.css\"><script src=\"\\assets\\js\\APlayer.min.js\" class=\"aplayer-secondary-script-marker\"></script>","cover":false,"excerpt":"","more":""},{"title":"标签","date":"2024-12-21T11:26:24.000Z","type":"tags","_content":"","source":"tags/index.md","raw":"---\ntitle: 标签\ndate: 2024-12-21 19:26:24\ntype: \"tags\"\n---\n","updated":"2024-12-22T02:00:49.417Z","path":"tags/index.html","comments":1,"layout":"page","_id":"cm4yzitbo0009zcvw3qrse51j","content":"<link rel=\"stylesheet\" class=\"aplayer-secondary-style-marker\" href=\"\\assets\\css\\APlayer.min.css\"><script src=\"\\assets\\js\\APlayer.min.js\" class=\"aplayer-secondary-script-marker\"></script>","cover":false,"excerpt":"","more":""}],"Post":[],"PostAsset":[],"PostCategory":[],"PostTag":[],"Tag":[]}}